customer_id,age,annual_income,loan_amount,loan_purpose,credit_score,join_date,default_flag
10522,42.0,498053.35,36008.8,Education,643.03,2023-05-18,1
10738,47.0,1414845.15,853545.25,Business,733.24,2025-06-30,1
10741,18.0,507894.53,214788.13,Home,704.91,2020-08-04,0
10661,30.0,196165.0,43031.36,Other,615.17,2021-12-25,1
10412,24.0,1322359.57,420827.58,Home,705.74,2019-02-19,0
10679,46.0,623434.1,397870.08,Home,691.44,2020-09-11,1
10627,25.0,934181.31,232542.36,Business,726.01,2023-12-07,0
10514,26.0,502175.87,179724.99,Car,850.0,2018-01-27,1
10860,43.0,1171530.9,256992.61,Home,803.59,2019-01-12,0
10137,27.0,1271723.0,344300.92,Business,665.77,2022-07-30,0
10812,31.0,3601382.12,561618.18,Car,622.34,2022-10-15,0
10077,37.0,987035.05,328315.84,Car,850.0,2022-02-22,0
10637,45.0,408238.74,320966.08,Car,658.39,2025-09-24,1
10974,29.0,,105803.22,Other,797.64,2024-08-31,0
10939,39.0,949573.38,823123.23,Business,695.54,2018-12-29,0
10900,27.0,2334475.88,933745.18,Business,574.99,2023-05-09,1
10281,37.0,1037444.75,335313.25,Car,706.93,2021-06-09,0
10884,47.0,762058.54,333880.25,Home,687.69,2025-11-26,1
10762,37.0,311979.2,97959.95,Car,767.23,2020-03-02,0
10320,35.0,800827.31,303840.58,Home,705.42,2022-04-16,0
10550,29.0,1100790.86,821167.43,Car,703.71,2023-10-23,0
10175,39.0,769733.48,181442.89,Other,630.89,2021-04-09,1
10372,41.0,792397.11,288231.95,Business,,2023-07-21,0
10528,37.0,791007.45,1094332.1503226126,Home,804.72,2024-03-04,0
10211,42.0,396074.81,385860.68,Business,656.54,2018-01-15,1
10236,43.0,357681.29,25000.0,Business,738.9,2018-04-08,0
10102,31.0,719891.91,254312.16,Home,643.57,2025-10-27,1
10987,53.0,517457.59,358753.2,Other,589.71,2023-07-16,1
10903,36.0,680928.65,246004.16,Business,799.4,2023-12-17,1
10948,28.0,834175.99,343096.09,Business,627.96,2025-01-16,1
10347,20.0,856136.42,323443.56,Home,761.34,2022-09-19,0
10140,22.0,1149335.18,375709.09,Education,850.0,2023-09-22,0
10622,,930529.75,233111.65,Car,641.75,2025-02-20,1
10500,21.0,937226.78,651473.97,Business,708.29,2022-05-14,1
10371,36.0,373863.82,503268.51,Education,623.51,2025-04-11,0
10199,37.0,465383.88,535310.07,Car,704.52,2020-06-11,1
10688,32.0,738816.67,291227.09,Business,736.79,2021-12-22,1
10585,38.0,655450.63,422624.16,Home,686.95,2023-11-16,0
10902,32.0,858111.43,207773.19,Home,591.47,2022-08-30,1
10060,47.0,,202871.66,Home,613.55,2018-06-04,1
10329,43.0,589407.34,433562.7,Business,745.93,2019-06-26,0
10097,39.0,1229830.87,615035.27,Education,534.84,2018-11-19,1
10313,45.0,197087.89,203368.35,Car,607.75,2022-08-08,1
10975,31.0,755310.0,356870.95,Car,620.9,2019-11-12,1
10300,43.0,270387.63,95933.02,Home,767.19,2024-10-08,0
10278,29.0,1232171.8,301114.03,Car,691.55,2021-06-10,0
10925,49.0,499004.94,236300.97,Home,700.81,2025-03-25,0
10602,26.0,454459.8,220512.73,Car,677.17,2024-04-28,0
10440,35.0,1300895.24,855348.68,Business,605.97,2018-07-10,1
10838,25.0,269698.66,25000.0,Home,592.42,2021-12-08,1
10571,36.0,285282.71,195094.44,Home,801.98,2023-10-27,0
10880,49.0,580732.48,272488.76,Car,713.43,2023-08-10,0
10262,35.0,686708.7,98726.87,Other,605.64,2018-08-28,1
10579,20.0,376168.31,200897.46,Other,577.66,2025-02-25,0
10024,20.0,349898.35,200848.92,Business,744.0,2025-01-04,1
10031,29.0,,1363873.8,Home,694.33,2021-08-10,1
10618,44.0,440372.67,247528.0,Education,702.14,2024-10-24,1
10011,31.0,1188547.75,604367.53,Car,802.94,2025-04-19,0
10222,18.0,525975.05,25000.0,Education,753.34,2020-09-02,0
10821,30.0,1157060.27,141286.11,Car,732.03,2019-07-06,0
10297,46.0,408355.32,198295.68,Other,683.14,2018-07-15,0
10055,47.0,236022.84,25000.0,Education,707.02,2018-04-17,1
10543,42.0,1560779.82,784400.18,Home,686.55,2018-07-02,1
10210,75.0,308073.29,280008.57,Business,792.35,2021-12-24,1
10605,41.0,561656.16,317404.23,Other,726.9,2018-03-03,0
10693,24.0,446845.65,300919.29,Business,775.0,2019-11-28,0
10663,36.0,477211.22,34772.65,Home,623.72,2023-06-26,1
10867,39.0,784373.64,432001.5,Business,655.64,2020-03-01,1
10071,40.0,,211009.58,Car,593.34,2021-12-11,1
10544,52.0,656952.42,2324170.3904436254,Business,678.8,2025-05-16,1
10108,38.0,579586.46,90328.2,Education,674.67,2019-04-12,1
10494,27.0,746351.39,25000.0,Business,845.8,2022-06-22,0
10591,,641394.24,301100.58,Business,635.81,2021-06-18,1
10742,22.0,741131.14,484986.22,Business,728.46,2019-07-08,0
10293,30.0,301871.09,168015.84,Other,848.1092826913144,2019-05-05,1
10290,29.0,862389.28,752122.14,Education,659.96,2019-04-11,0
10653,33.0,1366408.64,213621.41,Car,548.34,2020-04-19,1
10040,38.0,865163.53,655881.84,Education,674.16,2020-07-30,1
10590,27.0,999663.54,435125.46,Other,707.78,2023-01-01,0
10308,29.0,505082.16,265306.77,Home,531.44,2019-09-14,1
10680,50.0,257341.81,145587.28,Home,563.63,2024-06-22,1
10067,35.0,729395.56,568390.07,Education,645.58,2021-06-14,0
10276,41.0,1797445.09,482583.97,Education,620.38,2019-10-18,1
10068,47.0,356587.1,415162.17,Business,603.68,2023-04-23,0
10319,40.0,577804.24,184913.44,Business,603.94,2018-10-29,1
10549,40.0,762798.12,289456.83,Education,651.77,2020-10-01,1
10999,30.0,1151947.6,1052362.51,Car,641.44,2025-05-13,0
10715,36.0,523972.99,184404.62,Home,697.84,2022-01-31,0
10754,48.0,300946.79,93124.71,Home,624.33,2024-03-09,1
10328,45.0,388539.33,353511.27,Home,746.39,2022-09-24,0
10383,18.0,1444671.3,1135019.48,Home,436.89,2025-01-02,1
10452,47.0,332219.53,25000.0,Business,730.74,2019-03-29,0
10523,29.0,1099235.75,942293.06,Other,529.23,2019-05-05,1
10219,31.0,606755.81,105761.93,Car,625.03,2023-02-05,0
10788,41.0,206381.94,140005.72,Education,721.77,2024-09-27,1
10437,54.0,398991.92,25000.0,Business,759.21,2025-03-02,0
10765,49.0,741804.39,287314.24,Home,,2022-09-03,1
10089,30.0,213787.62,132859.05,Business,767.8,2023-10-29,0
10064,23.0,629759.25,456848.49,Home,691.09,2021-12-14,0
10827,53.0,653147.75,322191.53,Car,756.65,2021-09-20,0
10717,37.0,369407.51,186137.47,Other,647.58,2023-09-09,1
10352,52.0,550116.36,25000.0,Home,638.09,2025-04-06,1
10937,25.0,564127.95,99302.2,Education,562.3,2022-06-03,0
10257,50.0,880517.36,301232.98,Car,639.65,2025-02-19,1
10636,18.0,587486.18,930454.0003199416,Other,735.58,2025-12-22,0
10645,33.0,1048165.99,755055.36,Home,662.26,2022-08-16,1
10555,40.0,864673.1,362419.77,Education,712.16,2024-07-14,1
10960,41.0,695677.55,178964.75,Education,702.06,2023-08-06,1
10169,33.0,811828.77,552995.98,Home,757.27,2022-06-22,0
10918,38.0,678535.72,404351.06,Business,,2020-07-10,1
10529,39.0,679716.29,411279.81,Home,667.99,2023-03-03,0
10824,32.0,601322.3,411029.11,Car,731.96,2018-12-31,1
10986,,322628.11,298690.45,Education,592.65,2019-07-13,1
10817,39.0,242104.3,202377.55,Education,679.1,2023-09-01,1
10087,46.0,307894.33,42526.93,Car,690.62,2022-05-25,0
10433,33.0,644088.84,60370.15,Car,680.48,2022-02-15,1
10185,34.0,249323.3,317919.35,Home,674.54,2020-06-25,1
10979,19.0,1006266.85,763289.23,Business,654.25,2018-07-22,1
10535,29.0,1131058.08,592170.45,Education,691.26,2018-09-07,0
10295,40.0,336966.91,216142.06,Business,672.24,2024-10-17,1
10893,48.0,781264.33,471922.28,Other,718.29,2019-04-24,1
10426,51.0,214007.77,208876.66,Education,713.71,2019-05-02,1
10714,40.0,906016.17,490408.75,Education,723.85,2024-10-02,0
10261,26.0,400986.42,297422.32,Business,693.73,2024-02-29,1
10238,38.0,1093567.61,770164.52,Car,828.9,2025-06-02,0
10560,31.0,555667.74,40377.53,Business,613.22,2019-11-03,1
10584,61.0,1007430.61,776713.72,Education,702.98,2022-07-29,1
10446,43.0,483163.26,285201.69,Car,780.39,2021-09-07,0
10868,40.0,559894.92,227187.34,Education,744.47,2023-12-22,0
10801,46.0,575591.96,368161.91,Business,599.86,2025-10-24,1
10600,40.0,549432.83,113893.93,Other,692.65,2018-05-23,0
10850,30.0,2425690.26,1455125.45,Car,663.46,2024-07-28,1
10266,22.0,494381.5,185964.99,Car,754.68,2021-08-31,0
10996,33.0,508515.69,138490.9,Business,659.31,2021-08-24,1
10530,26.0,636593.41,409043.03,Car,661.74,2023-02-13,0
10056,46.0,1061681.81,416685.63,Business,720.6,2024-10-27,1
10121,45.0,459646.92,199829.35,Business,628.32,2019-08-26,1
10216,44.0,1172078.31,396665.91,Business,675.81,2021-10-10,0
10026,37.0,483497.48,187381.65,Education,701.29,2023-05-17,1
10073,36.0,618028.18,198728.87,Car,794.51,2022-02-12,0
10045,20.0,273961.49,169435.26,Other,729.36,2019-03-30,0
10248,29.0,477285.86,178384.36,Education,739.18,2022-06-03,0
10722,18.0,,142300.11,Business,764.66,2024-06-09,0
10282,43.0,817864.58,712681.72,Education,780.07,2023-05-30,0
10894,49.0,1465441.6,704831.86,Home,695.13,2021-02-11,1
10915,35.0,1144582.6,797938.57,Business,592.41,2022-03-07,0
10811,34.0,961263.13,573503.65,Education,491.83,2025-06-29,1
10245,23.0,244040.75,120248.26,Education,571.86,2023-10-04,0
10823,61.0,434043.19,27480.22,Other,620.75,2019-08-26,0
10322,43.0,752244.73,88237.05,Business,680.79,2019-09-04,0
10644,19.0,364719.85,128355.81,Education,784.96,2021-03-09,0
10159,23.0,453651.03,147610.15,Education,676.91,2021-11-08,1
10978,18.0,,494050.34,Car,576.7,2022-06-20,1
10430,18.0,548213.62,178519.99,Business,843.93,2020-12-06,0
10942,46.0,644918.32,268305.51,Education,568.82,2025-09-16,1
10463,28.0,267141.91,36380.97,Business,641.1,2022-06-11,0
10310,34.0,1635215.31,800679.71,Business,741.41,2025-04-20,1
10698,22.0,844228.72,101760.56,Car,735.6,2022-03-16,1
10061,31.0,711470.88,569276.0,Home,466.25,2020-03-06,1
10885,44.0,339870.43,138790.15,Education,553.45,2020-12-28,1
10596,30.0,763056.73,472779.9,Education,654.06,2018-05-18,1
10768,55.0,1107915.2,577939.88,Home,681.37,2018-11-13,0
10650,44.0,684104.68,344955.94,Business,845.72,2024-06-15,1
10651,56.0,502351.21,25000.0,Education,621.01,2024-05-10,1
10866,32.0,788484.99,548358.52,Business,804.8,2020-02-27,0
10669,18.0,1244930.03,428262.03,Business,725.28,2024-04-14,0
10299,45.0,637984.18,330191.31,Other,766.51,2022-01-14,0
10690,41.0,372042.66,211497.13,Education,606.15,2021-04-28,1
10315,50.0,383616.83,82407.3,Home,,2021-03-23,1
10311,34.0,417434.61,175470.61,Education,763.01,2019-10-05,0
10362,53.0,629803.25,466535.16,Business,622.85,2025-06-24,1
10480,48.0,595982.63,480558.0,Other,738.61,2025-07-11,1
10111,18.0,363825.08,322884.96,Business,737.96,2022-04-15,0
10990,36.0,1750678.87,383175.35,Education,657.57,2022-04-07,0
10487,29.0,846504.6,70824.14,Home,604.69,2019-10-02,1
10364,40.0,572426.39,89825.28,Home,745.84,2019-02-23,0
10255,19.0,308171.92,221301.17,Business,648.22,2023-07-20,1
10260,45.0,427616.58,386341.87,Education,658.39,2021-01-17,1
10803,37.0,722632.41,612919.98,Car,,2024-06-21,1
10678,55.0,309255.12,194141.69,Home,636.71,2021-10-07,1
10495,53.0,572353.52,122984.49,Car,740.37,2021-03-07,1
10671,50.0,1049304.68,807379.01,Home,589.34,2021-08-13,1
10378,38.0,733324.75,318631.43,Other,764.09,2019-10-06,0
10527,18.0,814253.9,252379.01,Car,684.93,2025-04-25,0
10846,41.0,1295767.5,474117.34,Home,693.86,2023-11-19,1
10138,32.0,359530.44,88778.37,Car,743.72,2025-08-25,0
10356,25.0,1894726.26,922000.54,Car,566.01,2022-06-29,1
10366,32.0,1031340.17,712563.34,Car,678.35,2022-08-07,0
10943,43.0,705743.06,421596.74,Home,623.65,2024-09-10,1
10750,21.0,876412.89,643845.87,Other,768.41,2019-07-26,0
10949,35.0,272257.86,156847.33,Education,,2022-11-18,1
10830,33.0,490537.83,161182.96,Business,752.07,2019-08-13,0
10657,36.0,947708.27,583349.87,Home,597.4,2024-08-05,1
10200,23.0,520387.26,176904.38,Education,617.37,2018-09-27,1
10214,43.0,1091716.0,492121.05,Car,712.33,2020-09-30,0
10409,37.0,647105.99,244177.42,Car,725.92,2019-01-12,1
10333,37.0,787261.38,117054.05,Other,659.52,2020-11-17,1
10209,42.0,1031518.73,766825.84,Business,687.63,2021-10-15,1
10614,24.0,976057.63,210936.06,Car,755.48,2024-06-13,0
10079,37.0,628960.2,391552.37,Business,635.57,2025-02-11,1
10030,33.0,883646.76,247940.95,Education,663.43,2020-10-04,1
10536,37.0,864256.41,615676.52,Car,733.44,2022-05-26,1
10696,33.0,1383850.73,1125118.91,Education,638.35,2020-10-31,1
10558,31.0,816557.6,543081.27,Business,751.68,2022-03-19,1
10837,53.0,586817.52,36401.71,Car,596.58,2019-11-01,1
10597,33.0,256493.41,161762.23,Business,617.2,2023-05-22,1
10166,41.0,,544773.27,Business,,2022-04-17,0
10919,31.0,810054.95,238486.21,Home,728.32,2025-02-03,1
10496,42.0,473400.43,186965.46,Home,844.28,2022-06-06,0
10825,,1565639.05,555586.67,Car,658.72,2023-05-28,0
10066,51.0,729850.72,281771.18,Business,631.79,2022-06-23,1
10142,50.0,1066636.54,229685.48,Education,,2021-06-05,1
10926,19.0,2627090.54,2160300.02,Car,704.01,2023-07-24,0
10828,30.0,570347.91,535649.99,Education,695.84,2025-05-23,0
10656,37.0,677632.14,290790.09,Business,633.14,2020-01-03,0
10332,26.0,785406.97,764511.85,Education,701.09,2018-09-13,1
10665,28.0,153442.05,25000.0,Car,714.38,2023-03-04,1
10250,40.0,953078.69,356311.71,Other,627.0,2025-11-05,1
10908,44.0,1659428.44,4635042.503762467,Car,729.77,2019-07-24,1
10709,18.0,362002.59,136643.63,Business,758.62,2021-01-21,0
10306,37.0,383872.11,252493.9,Home,539.38,2025-04-19,1
10735,47.0,1622990.02,142195.14,Home,716.0,2023-02-18,0
10976,18.0,207663.78,25000.0,Business,729.27,2025-09-24,0
10050,18.0,339770.21,164500.27,Business,685.23,2019-11-26,0
10897,34.0,680909.29,469842.53,Other,677.41,2020-09-03,0
10003,43.0,516889.15,524347.26,Other,617.48,2020-01-01,0
10545,18.0,337998.85,248483.02,Business,850.0,2018-01-30,0
10351,39.0,732269.11,392795.08,Business,699.78,2025-03-14,1
10905,38.0,238782.77,119512.67,Home,571.76,2018-06-14,1
10537,27.0,659436.03,622530.03,Home,757.35,2020-01-10,0
10345,31.0,712928.26,369890.07,Home,,2023-05-25,1
10995,25.0,733065.44,235673.11,Other,684.74,2024-04-25,1
10482,25.0,1624435.94,720970.29,Other,765.17,2018-06-01,0
10576,18.0,939017.8,555405.27,Car,496.95,2021-04-24,1
10034,24.0,,140759.0,Other,735.84,2025-05-17,1
10032,56.0,498698.19,381730.17,Other,593.77,2025-08-16,1
10232,38.0,222452.46,52806.2,Car,686.22,2018-04-03,1
10964,44.0,777466.19,741405.16,Other,582.86,2025-09-15,1
10193,38.0,764617.98,420823.11,Other,770.69,2020-05-08,0
10334,29.0,396694.25,174012.02,Car,723.88,2020-07-25,1
10004,53.0,627820.76,167602.51,Home,629.01,2024-10-24,1
10205,21.0,862778.8,564339.16,Car,667.07,2024-03-22,0
10515,30.0,376491.72,58138.81,Education,698.16,2022-08-28,0
10800,36.0,1598244.56,324782.43,Home,758.61,2025-04-15,0
10307,50.0,470050.26,44957.78,Car,593.19,2018-06-29,1
10110,35.0,280628.03,52752.44,Business,659.12,2023-06-24,0
10431,23.0,1220831.58,436736.73,Other,661.51,2024-03-04,0
10078,33.0,553634.72,299586.24,Other,653.43,2024-01-10,1
10085,27.0,604436.87,484921.19,Home,776.42,2020-03-14,0
10287,34.0,1325061.87,569734.85,Home,570.59,2025-10-25,1
10083,52.0,350825.27,104894.91,Car,580.99,2023-05-31,1
10992,18.0,1833290.607730092,119599.04,Home,626.74,2020-05-08,1
10790,18.0,305320.86,181715.18,Home,519.39,2019-01-03,0
10895,51.0,376341.93,40113.22,Other,719.78,2023-06-20,0
10399,35.0,586063.78,485896.89,Car,728.28,2023-07-07,1
10324,59.0,625611.52,477083.15,Home,591.48,2024-10-28,0
10520,44.0,605593.92,435790.55,Car,743.05,2023-11-16,1
10917,43.0,745124.41,84803.66,Education,763.08,2024-02-04,0
10923,37.0,360122.27,123570.6,Car,656.79,2020-12-14,1
10006,33.0,751390.36,277294.0,Home,694.39,2020-07-21,0
10732,25.0,528674.98,402767.96,Car,646.57,2022-04-22,0
10466,34.0,917460.81,302805.68,Business,673.52,2022-06-01,1
10098,39.0,1110069.85,282671.65,Business,638.81,2018-11-28,1
10267,54.0,1223281.12,588322.7,Business,613.89,2023-07-30,1
10358,33.0,467900.25,281140.13,Other,651.05,2018-12-05,1
10869,43.0,332903.59,429293.11,Business,606.35,2024-03-17,0
10799,36.0,886814.35,572707.19,Home,647.28,2024-05-19,0
10381,27.0,1038808.97,623046.2,Home,736.78,2024-03-04,0
10632,53.0,401831.46,194934.02,Home,,2023-03-03,0
10382,29.0,330604.03,243324.74,Car,661.05,2019-07-28,0
10491,36.0,951457.8,389229.55,Other,632.48,2018-04-22,1
10119,49.0,316688.61,247786.56,Car,659.4,2018-01-04,1
10901,40.0,643948.67,268018.4,Other,,2019-08-21,0
10251,22.0,1239378.86,1020290.59,Other,,2022-11-29,0
10524,42.0,636295.94,245355.57,Other,580.7,2020-09-11,0
10010,42.0,494842.42,312593.33,Car,809.23,2023-09-30,0
10197,26.0,450431.3,285745.2,Education,626.94,2019-07-30,0
10604,51.0,591895.64,269412.98,Business,767.37,2025-06-13,1
10082,40.0,216898.58,164641.23,Education,709.93,2024-10-05,0
10784,43.0,1445178.2,1226306.4,Home,633.64,2025-05-31,0
10588,27.0,656965.85,291876.14,Car,570.63,2025-02-17,1
10798,43.0,599448.14,288094.83,Business,665.15,2024-04-12,1
10240,45.0,348605.41,348804.41,Business,574.73,2021-08-01,1
10291,34.0,504379.52,220663.31,Business,713.03,2021-01-05,1
10212,48.0,382474.63,133773.51701158684,Home,757.32,2025-02-20,0
10718,38.0,529363.23,361499.28,Business,697.38,2023-06-16,0
10360,27.0,896362.72,324925.41,Other,602.3,2023-10-03,0
10450,24.0,130860.46,25000.0,Car,650.01,2025-09-12,1
10228,24.0,164521.1,85401.88,Other,669.73,2025-06-06,0
10951,33.0,846154.12,106649.39,Car,533.41,2020-12-02,0
10947,19.0,806675.21,453445.12,Other,833.84,2020-02-23,0
10797,36.0,761049.29,473567.88,Car,672.8,2025-02-09,0
10502,57.0,385460.01,81770.64,Education,757.45,2022-02-04,0
10465,35.0,566928.76,525734.01,Car,665.81,2022-04-13,0
10363,35.0,814663.31,493062.68,Education,669.37,2023-05-06,1
10469,30.0,957058.42,78270.62,Business,,2019-12-13,1
10936,30.0,511366.66,254695.83,Business,538.97,2023-06-06,0
10429,48.0,670281.34,174336.94,Other,647.55,2024-08-12,0
10008,44.0,171135.69,35241.31,Home,638.35,2018-05-13,1
10156,28.0,722354.57,289871.89,Car,575.77,2021-03-20,1
10542,24.0,496861.1,110385.15,Education,667.16,2025-07-28,1
10441,40.0,450346.99,138820.37,Home,801.19,2018-05-20,0
10483,18.0,405888.69,238113.56,Home,656.25,2025-12-16,1
10423,33.0,948106.48,660981.71,Education,556.08,2018-06-04,1
10779,35.0,453204.8,316291.11,Business,681.23,2018-12-24,1
10950,39.0,668206.73,124867.49,Car,659.57,2022-10-16,0
10335,47.0,497071.76,275235.73,Education,701.09,2023-12-06,0
10577,39.0,940622.51,472643.87,Education,666.18,2025-03-24,1
10935,41.0,304187.13,271593.95,Home,701.96,2021-09-03,0
10568,25.0,519665.57,84025.83,Car,706.37,2021-07-17,0
10595,47.0,757837.12,179324.59,Business,798.06,2025-03-24,0
10531,43.0,2417712.1,1721359.98,Education,684.24,2022-05-16,1
10582,31.0,565637.02,368701.74,Car,697.3,2024-09-23,1
10708,55.0,607140.72,128275.94,Car,657.08,2023-08-07,0
10449,,447374.25,308949.89,Business,681.5,2018-10-09,0
10454,42.0,136892.11,25000.0,Other,600.79,2022-05-31,0
10229,28.0,725764.19,272703.37,Car,594.35,2019-05-24,1
10353,45.0,576281.31,218844.33,Home,715.04,2025-08-20,1
10729,30.0,322923.97,358458.12,Education,655.71,2018-03-18,0
10213,46.0,1177328.53,444356.46,Car,658.4,2022-08-02,1
10080,18.0,852719.35,358525.79,Other,704.53,2020-04-24,0
10149,42.0,843148.77,620525.45,Home,764.07,2022-11-09,0
10303,44.0,1055323.95,478725.36,Car,500.29,2024-05-31,1
10629,37.0,769708.95,251058.26,Education,742.29,2019-04-15,0
10778,33.0,770429.73,669902.82,Business,710.44,2019-03-12,0
10507,29.0,1096842.41,646135.87,Home,742.36,2022-06-22,0
10343,39.0,631288.91,152706.03,Other,632.75,2024-10-27,1
10486,20.0,265002.18,224048.95,Home,459.26,2021-01-03,0
10712,35.0,351056.18,25000.0,Home,724.52,2025-12-01,0
10134,41.0,540161.65,313923.85,Education,780.95,2018-03-18,0
10704,21.0,922193.09,535605.81,Home,646.13,2020-10-15,1
10312,48.0,1175253.14,1049333.25,Home,711.11,2023-09-02,1
10723,21.0,753166.53,58024.01,Education,662.48,2018-12-06,1
10630,48.0,567198.05,418893.93,Car,612.07,2022-02-02,0
10001,41.0,2366018.93,1725341.24,Business,690.82,2021-06-17,1
10317,44.0,272053.5,110813.13,Business,613.34,2021-03-15,1
10707,22.0,475218.64,206107.87,Car,577.07,2020-04-04,1
10548,34.0,843319.97,286972.51,Home,704.93,2019-09-07,0
10873,21.0,602321.06,206183.17,Home,764.07,2025-03-01,1
10533,35.0,967317.87,352848.15,Business,663.86,2025-07-05,0
10478,39.0,501572.78,251583.34,Other,708.35,2023-08-31,1
10405,31.0,463821.22,382673.69,Business,639.47,2025-11-03,1
10173,35.0,899883.71,257098.89,Home,799.8,2022-01-18,1
10126,60.0,248845.76,275466.42,Education,776.69,2025-03-03,1
10395,49.0,729369.83,373033.96,Business,674.69,2024-07-10,0
10421,59.0,537609.13,124952.87,Car,663.45,2025-02-21,1
10553,49.0,306804.39,328831.77,Other,566.96,2020-11-21,1
10904,50.0,439000.61,201359.0,Car,635.92,2025-01-01,1
10091,37.0,,235191.31,Education,,2020-09-14,0
10940,30.0,446292.03,81721.08,Education,662.05,2021-01-24,0
10182,27.0,661689.37,251683.76,Education,551.32,2023-02-10,1
10275,25.0,1249752.26,169666.54,Other,633.62,2018-06-11,0
10896,43.0,5030832.716734371,267946.84,Other,671.03,2021-11-04,0
10070,29.0,1148792.01,785577.32,Other,740.77,2018-05-02,0
10292,31.0,985434.77,271774.06,Car,640.93,2022-09-10,1
10132,37.0,1208726.14,263799.28,Other,568.65,2025-12-20,1
10301,27.0,4612583.888953394,573069.63,Car,712.67,2021-07-31,0
10425,43.0,674710.39,313744.59,Education,720.85,2022-04-04,1
10327,49.0,470107.17,73578.02,Business,654.99,2025-11-13,1
10145,39.0,945507.33,674064.18,Home,571.71,2018-06-20,1
10424,47.0,409764.0,326784.82,Education,752.52,2022-05-10,0
10581,40.0,339098.78,196858.3,Car,740.72,2021-07-21,0
10136,53.0,612762.08,177175.39,Car,782.01,2022-05-21,0
10451,35.0,866745.26,477938.18,Business,850.0,2021-01-02,0
10165,47.0,212098.56,155817.79,Car,621.49,2022-12-13,1
10029,29.0,666468.37,639512.46,Car,675.59,2020-12-20,0
10774,47.0,857200.69,488197.34,Education,710.85,2018-11-08,0
10194,22.0,424069.7,25000.0,Other,678.18,2021-11-30,1
10389,46.0,430447.62,189696.37,Car,721.81,2018-05-17,0
10853,29.0,1587807.02,349501.08,Business,598.35,2022-07-28,1
10170,28.0,963625.15,442867.85,Business,651.5,2024-01-01,1
10706,43.0,332408.92,180049.08,Home,660.26,2025-03-06,1
10141,39.0,468449.43,313202.71,Education,792.16,2021-10-16,0
10174,40.0,944913.66,120557.97,Car,728.35,2024-06-29,1
10007,53.0,1317149.29,559820.61,Other,,2020-06-21,0
10746,28.0,194762.87,163379.6,Home,679.31,2020-09-29,1
10479,70.0,964974.76,689574.99,Business,850.0,2019-12-12,1
10074,53.0,,186525.41,Car,822.69,2018-05-30,0
10911,33.0,1059981.75,331113.52,Car,786.11,2019-11-18,0
10814,38.0,407701.91,159636.52,Home,723.63,2020-10-18,1
10239,29.0,396092.46,273823.28,Home,,2022-11-23,1
10146,45.0,344619.74,25000.0,Home,713.36,2025-09-10,1
10793,39.0,805332.19,25000.0,Education,789.11,2019-08-19,0
10235,60.0,1380647.64,587813.31,Car,785.85,2024-12-30,0
10221,61.0,4292455.440339683,66194.03,Home,839.07,2021-10-07,0
10924,28.0,679643.07,121733.75,Education,694.4,2020-12-03,0
10501,46.0,419514.09,223871.66,Business,665.96,2023-12-04,1
10133,24.0,707645.94,500554.84,Other,725.62,2023-02-14,0
10991,38.0,317697.28,33365.85,Car,730.95,2018-04-26,0
10775,43.0,545477.08,25000.0,Car,710.78,2025-10-26,0
10186,44.0,481376.34,322355.0,Car,821.7,2019-03-06,0
10042,38.0,818775.92,391653.05,Other,652.87,2022-06-10,1
10697,40.0,406734.09,149581.75,Car,605.94,2025-10-11,1
10109,39.0,1262194.12,693300.04,Car,686.42,2020-12-16,1
10589,45.0,181417.1,80192.31,Car,802.26,2025-07-21,0
10057,27.0,469905.49,446413.85,Home,604.95,2022-09-21,1
10406,43.0,724082.17,376412.12,Car,619.89,2021-09-30,1
10443,18.0,1187743.79,1093219.43,Car,695.96,2022-02-23,0
10758,38.0,435492.61,177047.41,Car,,2022-10-20,0
10998,43.0,795605.2,607401.36,Home,543.83,2025-10-28,1
10025,30.0,564525.18,272191.03,Other,642.94,2020-05-05,0
10468,44.0,915844.22,108903.08,Home,665.34,2024-12-31,1
10540,30.0,909936.5289175288,96581.42,Education,578.54,2023-04-21,1
10532,18.0,1246772.53,1067846.46,Home,670.63,2025-03-29,1
10619,41.0,562539.67,292671.78,Home,675.14,2025-06-13,1
10695,43.0,5738307.095382373,590751.8,Business,671.51,2022-02-24,1
10927,30.0,635893.09,175345.35,Education,669.62,2025-02-02,1
10339,41.0,1243944.75,808570.25,Education,611.86,2025-12-06,1
10052,32.0,536977.45,94333.26,Education,655.5,2023-07-08,1
10508,26.0,868498.81,379715.18,Car,739.86,2021-05-24,0
10517,42.0,937691.2,778863.34,Education,744.79,2020-07-06,1
10921,48.0,368885.98,280727.67,Education,719.25,2022-08-17,1
10782,21.0,1202979.97,545032.29,Home,712.33,2019-06-07,0
10265,33.0,495090.88,335002.11,Education,567.27,2025-05-20,1
10818,46.0,542084.97,562457.66,Car,,2018-01-19,0
10711,38.0,256799.21,210956.44,Home,634.97,2021-03-02,1
10683,30.0,704710.29,513975.08,Home,655.87,2024-01-25,0
10833,25.0,707969.57,156778.9,Business,580.42,2018-08-06,1
10519,37.0,892942.6,275870.84,Other,665.92,2018-01-14,0
10448,26.0,1030441.56,999642.5,Home,578.78,2023-04-02,1
10019,26.0,690742.28,590930.67,Business,636.58,2021-11-19,1
10716,48.0,371371.16,212857.42,Home,715.97,2023-01-03,0
10484,38.0,662840.05,514567.36,Car,783.09,2022-01-06,0
10569,18.0,484373.45,258082.62,Business,722.65,2025-11-06,0
10434,44.0,613249.61,204035.09,Education,541.38,2023-02-19,1
10368,36.0,382063.25,233010.5,Car,850.0,2024-04-18,1
10084,30.0,1083712.42,943731.57,Business,377.5128204913613,2023-01-10,0
10062,34.0,2175241.76,1645153.75,Other,720.84,2018-09-29,0
10639,22.0,627984.72,376917.82,Home,691.82,2023-08-07,0
10273,49.0,276895.62,1646649.4431436537,Car,751.06,2022-11-03,1
10286,18.0,1316947.23,489771.24,Education,738.32,2022-06-10,0
10361,42.0,615054.4,358511.1,Car,712.7,2021-02-09,1
10355,36.0,366818.0,288036.14,Education,642.17,2019-10-11,1
10457,35.0,574133.16,71528.24,Home,,2023-08-27,0
10279,37.0,2503025.570607705,281383.66,Car,673.8,2023-11-29,1
10013,39.0,124309.52,25000.0,Education,723.28,2025-07-06,1
10183,24.0,449037.0,25000.0,Business,610.33,2023-11-25,1
10369,37.0,622229.33,372461.18,Home,810.94,2022-10-18,0
10882,30.0,1573630.16,806791.64,Other,559.65,2018-05-03,1
10616,37.0,629801.64,452846.27,Business,699.56,2018-11-30,0
10224,18.0,1052438.79,668027.55,Home,637.61,2023-09-15,0
10573,40.0,450784.82,407057.22,Home,651.05,2022-01-31,0
10971,,701005.85,449276.4,Business,683.93,2025-07-04,1
10654,24.0,453705.74,172170.62,Education,714.04,2021-11-14,0
10546,27.0,632410.23,333709.28,Home,580.23,2021-11-12,1
10583,43.0,1144988.15,658664.81,Car,687.63,2018-12-24,0
10634,31.0,557377.78,479942.76,Business,674.09,2020-12-29,1
10177,36.0,756802.85,542590.47,Car,685.99,2022-05-26,1
10666,37.0,2641039.06,645022.39,Business,597.14,2018-07-01,1
10674,32.0,601323.58,501095.29,Car,795.32,2021-08-18,0
10586,39.0,380249.93,134520.39,Home,773.21,2020-10-03,0
10874,28.0,514827.99,139575.87,Home,797.72,2022-03-06,0
10394,56.0,1026963.42,565884.38,Education,649.25,2025-01-31,1
10164,27.0,477495.08,421191.8,Business,802.78,2018-07-23,0
10249,55.0,479513.94,373503.45,Education,632.81,2020-11-07,1
10635,25.0,595799.59,219940.17,Education,632.24,2019-11-25,0
10886,56.0,576026.79,333811.71,Business,,2025-11-13,0
10670,48.0,2358974.08,1713432.93,Business,785.11,2025-04-21,0
10376,28.0,1673118.79,651214.03,Business,621.19,2021-07-13,1
10413,19.0,819710.64,117525.9,Car,726.72,2019-01-29,0
10075,18.0,1125148.16,388010.22,Other,850.0,2019-12-08,0
10114,63.0,420348.64,220985.31,Business,722.36,2023-07-29,1
10599,31.0,21553672.464303154,902521.28,Other,749.4,2020-01-24,1
10962,51.0,578657.66,198424.38,Business,789.63,2023-05-08,1
10391,26.0,340237.26,75109.42,Business,731.18,2021-05-03,1
10105,34.0,859806.16,538183.95,Car,709.16,2018-03-22,1
10115,34.0,,286251.82,Business,664.09,2020-03-14,1
10418,37.0,1337294.42,938223.65,Business,697.99,2025-06-14,1
10526,18.0,900422.44,154063.47,Business,803.11,2022-11-18,0
10458,25.0,1395399.12,622220.17,Other,,2022-08-11,0
10410,42.0,709046.73,189723.43,Education,563.04,2024-04-09,1
10093,28.0,626096.48,218528.26,Car,692.5,2018-06-03,1
10931,30.0,1631609.99,1010733.93,Car,710.99,2021-10-12,0
10090,42.0,614782.14,103537.45,Other,555.86,2022-04-30,1
10337,27.0,854052.3,564129.39,Other,565.23,2024-03-06,1
10989,34.0,879451.23,631858.94,Home,727.2,2021-07-20,0
10922,25.0,4023235.988129229,493646.53,Home,619.96,2018-12-30,0
10934,18.0,1018649.2,337975.23,Home,670.19,2018-12-25,0
10606,57.0,521672.15,424338.01,Home,667.3,2022-05-10,0
10594,40.0,120000.0,38698.16,Home,671.21,2018-02-13,1
10612,35.0,222475.7,25000.0,Home,,2021-04-07,1
10095,32.0,2055411.24,651473.45,Car,590.44,2022-06-09,1
10012,31.0,274751.2,126805.18,Home,535.79,2019-01-27,1
10397,18.0,647874.67,468902.74,Business,688.08,2025-02-18,0
10534,23.0,691222.59,168692.8,Car,765.75,2021-06-16,0
10044,33.0,653066.01,320436.01,Business,646.41,2023-12-26,1
10043,35.0,756794.83,594786.25,Business,372.07736412842615,2025-02-11,0
10330,43.0,393439.13,194645.68,Other,609.01,2018-06-06,1
10168,57.0,259013.64,25000.0,Business,645.48,2025-04-15,0
10498,34.0,,181817.03,Education,757.06,2022-07-30,1
10877,30.0,,324677.78,Car,654.33,2023-12-03,1
10598,25.0,379478.38,170868.78,Other,747.18,2024-10-19,0
10757,41.0,680297.55,198804.26,Car,750.72,2025-01-17,0
10101,20.0,505361.53,447044.26,Education,579.49,2021-04-20,1
10427,25.0,1436610.96,744645.91,Other,749.08,2024-01-08,1
10179,33.0,,405996.6,Car,605.91,2019-03-28,1
10445,22.0,277898.75,109589.26,Business,666.96,2021-09-01,1
10417,53.0,1597601.75,996116.46,Business,642.0,2021-03-27,1
10871,34.0,960175.66,403722.47,Car,708.87,2020-08-28,0
10883,31.0,642691.0,681516.29,Car,595.69,2020-03-14,1
10681,44.0,721964.85,312802.79,Education,846.07,2025-08-16,0
10178,52.0,1254492.92,2131629.5436275704,Home,704.07,2018-10-01,1
10396,31.0,378220.98,271042.27,Business,686.83,2025-01-17,0
10912,38.0,350727.39,467762.73,Education,614.44,2025-07-26,1
10794,22.0,191663.42,25000.0,Car,557.27,2023-03-12,1
10961,43.0,607052.44,133983.56,Business,692.25,2018-03-30,1
10685,23.0,3530679.3,2456543.12,Business,823.45,2018-05-06,0
10384,30.0,655078.1,454193.48,Business,702.29,2023-07-15,0
10957,40.0,1147805.28,936326.97,Education,630.79,2025-02-02,0
10752,21.0,1278531.03,883361.42,Home,656.62,2021-06-17,1
10258,28.0,944918.78,555978.8,Other,714.98,2021-06-23,0
10539,47.0,621706.32,151358.44,Home,607.23,2022-12-12,1
10336,34.0,1173628.51,382441.92,Education,817.44,2024-08-14,0
10016,30.0,356865.06,136987.89,Car,650.13,2022-08-13,1
10325,25.0,338365.27,25000.0,Other,711.4,2023-04-28,1
10759,27.0,1700109.18,1297793.51,Education,653.57,2019-04-13,0
10223,44.0,875217.17,471963.94,Car,501.12,2022-08-13,0
10180,66.0,2060778.29,582089.89,Education,734.23,2018-05-05,1
10984,35.0,349512.02,197938.26,Other,751.7,2022-08-14,0
10023,37.0,,80032.76,Car,724.92,2019-11-09,0
10357,36.0,238739.98,151012.7,Other,749.47,2024-06-10,0
10667,33.0,870472.98,587698.7,Car,754.15,2025-06-26,1
10862,19.0,642170.08,79248.26,Home,689.47,2025-09-18,0
10341,27.0,302973.29,354623.6,Business,558.71,2022-05-01,1
10432,18.0,136502.62,88633.29,Home,735.13,2024-11-02,0
10552,34.0,662272.31,354399.08,Education,776.31,2024-10-11,0
10834,28.0,809124.95,399094.77,Home,658.36,2020-01-11,0
10204,48.0,896848.59,508632.47,Business,642.23,2020-11-08,1
10631,18.0,1343723.9,692130.16,Other,546.54,2025-10-03,1
10094,32.0,794057.76,195015.54,Education,759.5,2020-06-25,0
10559,40.0,1570829.14,924807.22,Car,675.74,2025-01-03,0
10069,40.0,739214.97,344653.35,Home,744.51,2022-03-13,1
10623,57.0,10163154.066111866,813035.66,Education,701.55,2018-09-11,0
10285,59.0,,351775.37,Home,640.33,2024-05-09,1
10845,38.0,329342.31,225000.78,Car,765.75,2023-01-17,0
10435,53.0,506473.68,287558.9,Business,526.65,2020-07-12,1
10154,39.0,545896.61,216697.05,Other,753.34,2018-05-10,0
10076,45.0,555148.44,380721.18,Other,612.35,2022-06-04,0
10731,38.0,1166116.03,1060680.36,Car,755.78,2025-01-06,0
10447,40.0,803906.38,69838.38,Education,627.12,2018-03-28,0
10189,27.0,1123179.09,846799.42,Other,696.55,2020-03-06,0
10272,20.0,312233.64,218220.38,Education,652.81,2022-06-03,1
10237,18.0,1296526.89,409371.45,Home,655.5,2021-07-15,0
10488,24.0,,137822.3,Business,750.83,2021-03-02,0
10118,23.0,,389612.79,Business,680.17,2023-06-08,0
10944,35.0,685931.18,388189.21,Business,794.01,2018-04-17,0
10513,33.0,696762.89,526918.87,Home,612.3,2022-02-01,1
10826,52.0,973038.51,282245.89,Business,769.29,2020-03-05,1
10592,31.0,1259311.66,851774.55,Car,585.99,2018-06-05,1
10127,,853256.73,893816.41,Car,656.14,2018-07-04,1
10117,36.0,380393.16,130395.46,Home,654.66,2022-06-21,0
10474,51.0,418099.04,148586.3,Education,759.34,2018-06-26,1
10694,43.0,1106853.6,195369.55,Home,607.17,2024-03-20,1
10058,33.0,954560.68,383112.62,Education,615.87,2023-09-15,0
10864,56.0,586574.06,276144.84,Business,575.05,2018-06-03,0
10913,39.0,426322.94,52468.79,Car,671.61,2023-08-01,0
10370,27.0,550989.69,25521.95,Home,734.2,2018-05-06,0
10269,31.0,1305290.23,590628.79,Business,767.33,2023-07-20,1
10047,31.0,464518.16,428790.83,Home,799.47,2024-10-26,0
10350,34.0,457739.03,283133.58,Other,804.85,2019-07-24,0
10196,40.0,716140.78,227725.28,Car,748.1,2022-06-19,0
11000,42.0,221782.14,25000.0,Home,747.32,2020-03-17,0
10835,36.0,629624.18,180157.46,Business,793.66,2019-10-12,0
10737,39.0,897881.23,253733.82,Business,774.97,2024-11-18,0
10264,25.0,1480541.36,394200.64,Business,691.3,2020-11-02,1
10444,35.0,821308.73,591300.31,Car,679.22,2019-09-16,0
10676,27.0,412654.54,384953.54,Car,635.41,2025-12-30,1
10305,36.0,807912.62,601121.79,Home,643.96,2018-12-05,0
10342,39.0,989396.89,181282.78,Education,705.97,2018-11-12,0
10967,29.0,864307.23,435807.82,Home,675.17,2021-12-16,0
10150,39.0,455733.28,194932.28,Business,740.42,2025-02-28,0
10125,42.0,4791015.371412561,233490.35,Car,585.76,2022-08-13,1
10787,45.0,373278.79,377077.8,Education,660.06,2022-01-16,1
10051,40.0,1431202.72,480403.98,Car,631.2,2019-12-11,1
10354,34.0,990694.29,811584.7133015622,Education,639.18,2020-06-26,0
10928,40.0,300257.55,81536.28,Education,651.69,2024-06-27,0
10143,18.0,1655175.22,1138566.41,Car,532.09,2024-03-24,1
10471,33.0,546513.61,393404.88,Car,623.7,2025-06-25,1
10400,50.0,1252860.33,228470.78,Car,835.8,2025-01-01,0
10626,30.0,226838.73,25000.0,Home,614.84,2023-03-27,1
10321,37.0,950256.87,275397.19,Other,662.58,2024-01-20,1
10020,20.0,460585.71,151272.65,Business,612.77,2020-08-13,1
10810,26.0,632728.61,344486.59,Home,811.42,2019-01-22,0
10791,41.0,1387322.15,859934.19,Business,627.53,2020-10-03,1
10809,50.0,452785.03,59744.95,Other,573.4,2024-04-11,1
10408,34.0,196882.69,25000.0,Car,646.5,2021-10-14,1
10538,32.0,550051.54,120843.98,Car,709.11,2018-11-02,0
10621,27.0,432899.93,60705.16,Home,638.76,2022-12-01,1
10039,21.0,305393.4,139799.32,Business,,2019-03-31,0
10176,,412995.06,232285.94,Car,641.7,2019-07-30,1
10246,32.0,190607.24,107310.18,Car,750.94,2020-02-20,1
10829,31.0,677972.92,151280.03,Home,654.54,2022-11-10,1
10668,53.0,705463.2,447583.32,Car,651.41,2025-06-21,0
10755,26.0,,411433.95,Car,719.52,2021-11-24,1
10859,30.0,1024955.74,302318.52,Business,653.3,2020-10-06,1
10155,39.0,1090751.72,214330.64,Education,659.72,2021-11-18,1
10288,42.0,876812.84,328975.56,Home,697.64,2018-02-10,0
10603,46.0,,119010.68,Car,697.54,2025-01-03,1
10570,32.0,764488.26,497651.25,Home,708.72,2022-08-02,1
10744,36.0,600750.65,161332.88,Car,577.85,2023-11-27,1
10018,39.0,381310.24,25000.0,Business,691.36,2025-12-24,0
10128,30.0,802604.15,349162.86,Education,725.05,2025-02-16,0
10323,27.0,933314.39,250976.0,Other,765.52,2020-12-07,0
10256,31.0,734879.5,277996.24,Other,643.31,2023-06-11,1
10658,36.0,601282.96,337774.46,Car,734.91,2020-10-14,0
10965,35.0,2272592.09,444806.65,Home,590.93,2023-08-04,0
10191,31.0,176365.71,25000.0,Home,704.36,2025-06-15,1
10116,39.0,306703.9,271509.17,Education,720.67,2020-12-13,1
10617,37.0,301712.83,27554.04,Other,636.63,2025-01-06,0
10607,27.0,610281.24,1882247.8668462783,Other,781.43,2021-12-17,0
10181,43.0,486810.7,181499.97,Other,686.41,2024-06-22,1
10302,30.0,473009.72,155847.53,Car,692.49,2018-02-03,0
10760,44.0,1151713.79,510445.71,Other,841.12,2021-04-08,0
10713,30.0,940088.06,189450.67,Car,680.23,2020-09-15,0
10724,44.0,413239.83,192812.64,Home,695.15,2024-10-31,0
10686,44.0,1373388.21,199030.91,Business,580.64,2025-03-05,1
10980,44.0,1110387.8,805361.43,Car,765.67,2019-03-23,0
10518,25.0,893244.69,267656.73,Other,737.69,2025-03-12,0
10985,36.0,770788.87,403116.0,Home,768.77,2020-04-08,1
10046,28.0,1369960.9,380620.89,Home,650.35,2021-06-03,0
10910,60.0,537386.05,375648.66,Other,710.69,2019-11-17,1
10158,41.0,1142280.97,122998.28,Car,837.46,2025-05-01,0
10852,30.0,445536.39,142759.52,Business,595.61,2019-03-31,1
10172,27.0,543883.39,214442.64,Home,764.96,2021-11-06,0
10017,25.0,378011.86,191532.07,Business,688.82,2024-07-29,0
10512,35.0,1308826.16,960563.13,Car,660.12,2023-07-20,1
10049,40.0,275146.45,25000.0,Education,613.13,2024-11-09,1
10972,29.0,3235594.04,1516929.96,Business,738.49,2025-05-13,0
10941,22.0,559151.96,251615.09,Other,790.86,2020-11-29,0
10516,44.0,293568.05,200117.37,Car,616.18,2019-03-31,1
10953,22.0,444157.59,158721.87,Business,746.08,2023-02-09,1
10481,,456713.19,335813.8,Business,615.18,2023-02-11,0
10284,22.0,804343.71,192153.09,Education,765.36,2019-12-10,0
10719,32.0,926540.29,273455.54,Home,,2024-06-03,0
10878,38.0,,108358.06,Business,747.66,2022-03-03,0
10226,48.0,628528.1,588509.89,Business,608.7,2022-08-14,1
10027,23.0,1008063.5,213379.3,Home,752.19,2020-02-29,0
10955,35.0,474004.58,429069.05,Business,726.43,2022-01-04,0
10438,21.0,993724.75,336518.22,Home,739.12,2023-12-31,1
10952,40.0,,303404.9,Car,656.72,2025-04-27,1
10365,44.0,1398593.06,767085.99,Other,739.31,2024-06-10,0
10230,43.0,908568.52,728074.7272720075,Home,684.49,2018-07-07,1
10038,18.0,1242839.98,526917.25,Education,618.15,2018-10-24,1
10966,52.0,406770.36,171791.62,Other,723.42,2024-03-11,0
10375,60.0,360815.59,74137.71,Business,699.69,2025-12-05,1
10470,30.0,2126394.57,1074207.1,Other,599.92,2021-11-19,1
10968,56.0,485855.77,239613.18,Home,645.86,2019-06-10,1
10851,29.0,2161968.77,797269.44,Home,698.52,2018-07-02,1
10705,19.0,413571.56,123651.99,Home,822.14,2024-12-03,0
10842,43.0,510213.77,488042.92,Education,633.79,2020-06-13,1
10195,38.0,708671.94,349900.73,Business,802.92,2021-09-07,0
10855,52.0,855319.48,176834.07,Business,722.21,2021-09-18,0
10865,29.0,970641.67,596088.33,Car,739.73,2019-08-05,0
10504,42.0,498384.54,213742.59,Home,644.0,2018-10-19,0
10970,20.0,646126.59,478529.52,Car,694.06,2023-01-05,1
10831,21.0,204253.15,131036.4,Education,728.52,2018-07-18,0
10580,49.0,745625.8,541254.33,Business,610.38,2022-08-19,0
10969,36.0,402970.97,261370.7,Other,756.17,2024-02-18,0
10163,49.0,387514.38,211305.02,Car,632.72,2023-10-30,0
10909,43.0,610123.89,290467.51,Education,695.36,2018-05-21,1
10153,29.0,208951.18,336049.55,Car,573.84,2022-07-24,1
10802,30.0,675278.88,184703.63,Business,705.91,2024-03-29,0
10994,28.0,655636.26,545628.13,Education,648.21,2018-04-14,0
10756,65.0,580492.59,228053.53,Business,680.57,2022-06-22,1
10112,36.0,696745.09,219145.27,Car,738.74,2022-02-27,1
10227,37.0,363155.1,206502.16,Education,444.61,2018-03-04,1
10689,44.0,465247.25,262410.02,Home,711.28,2020-10-05,0
10104,27.0,906921.4,344495.54,Education,595.61,2024-08-20,1
10422,55.0,850702.4,165565.89,Home,580.05,2022-05-11,1
10420,37.0,565353.12,201720.21,Business,526.44,2025-08-07,0
10751,26.0,651126.29,347108.9,Business,647.37,2025-12-19,1
10587,31.0,927085.32,829764.61,Other,689.26,2018-08-29,1
10781,38.0,387713.85,323133.01,Education,510.82,2018-05-15,1
10673,32.0,698441.82,167019.17,Home,674.32,2023-09-09,1
10120,44.0,269924.61,31545.87,Other,645.71,2023-03-18,0
10054,43.0,,241898.57,Home,656.93,2020-08-06,0
10152,40.0,857276.92,213507.37,Business,680.66,2020-04-06,1
10404,37.0,358905.46,252218.5,Education,772.76,2023-07-01,0
10946,,1033890.44,479557.49,Business,746.36,2023-05-07,0
10208,42.0,484914.86,451059.32,Business,722.79,2024-09-07,1
10659,38.0,,721458.4,Other,755.55,2025-06-02,0
10844,40.0,655207.72,339116.74,Other,622.22,2021-04-01,1
10763,64.0,525763.99,193111.5,Home,649.91,2024-03-07,1
10009,31.0,174890.65,88768.78,Home,712.1,2025-07-29,0
10808,31.0,887755.9,637704.54,Education,765.33,2019-02-15,0
10037,38.0,648015.23,383845.2,Education,696.33,2025-08-17,0
10453,25.0,214312.67,25000.0,Home,649.3,2018-02-16,0
10652,48.0,428226.16,237994.3,Car,704.93,2022-04-12,1
10254,47.0,855812.26,454725.25,Car,591.69,2023-04-17,1
10304,43.0,650474.11,401225.26,Other,629.08,2021-06-28,1
10747,38.0,1511620.48,381098.25,Other,684.56,2019-01-03,0
10572,54.0,1314864.81,397029.53,Business,697.7,2023-08-20,0
10624,51.0,516091.07,156049.82,Home,750.78,2021-11-24,1
10733,40.0,1366605.37,624204.51,Home,613.85,2025-05-30,0
10892,42.0,1149876.42,263357.56,Education,691.03,2024-03-14,1
10263,18.0,846730.01,318749.31,Car,687.9,2019-05-05,1
10611,43.0,849267.32,440816.97,Car,632.97,2025-10-20,1
10298,,881245.55,233556.98,Business,850.0,2019-09-11,0
10415,40.0,577203.03,380483.89,Business,620.97,2018-12-24,1
10151,39.0,260701.61,150160.62,Home,753.19,2023-09-13,0
10789,35.0,289267.53,230227.51,Other,819.8,2023-08-03,1
10641,32.0,680923.66,339023.39,Car,678.19,2021-05-05,1
10890,48.0,687050.26,144747.41,Other,783.51,2022-07-16,1
10551,37.0,420728.35,198461.15,Education,723.79,2018-01-24,1
10887,42.0,908878.74,767134.1,Home,745.37,2018-03-04,0
10489,,1021985.82,311832.27,Business,691.37,2024-09-13,0
10148,21.0,725350.91,289176.67,Home,609.39,2024-06-12,1
10147,22.0,984442.68,485606.79,Car,710.87,2025-12-07,0
10721,39.0,494664.58,226078.67,Car,632.43,2024-11-10,0
10932,57.0,470019.2,518569.76,Other,662.51,2022-02-15,0
10740,47.0,493386.88,479121.02,Education,807.32,2021-08-01,1
10660,34.0,870448.83,391307.0,Home,681.75,2025-07-09,0
10349,28.0,977819.18,749767.1,Education,727.08,2024-10-28,0
10464,38.0,572957.81,227504.86,Business,808.88,2022-04-23,0
10326,23.0,1163013.97,305129.65,Business,678.95,2018-03-15,1
10187,41.0,356489.83,399034.84,Education,697.86,2025-07-14,1
10124,21.0,503434.07,213704.72,Home,767.83,2019-05-16,0
10854,49.0,802486.37,248364.93,Car,722.11,2018-01-06,0
10609,18.0,598488.94,220854.29,Other,833.91,2023-07-13,0
10144,38.0,521122.48,253108.99,Car,701.6,2020-12-22,0
10959,42.0,1071003.82,425353.42,Education,642.7,2018-04-04,1
10198,38.0,724749.83,229827.32,Car,845.74,2020-12-24,0
10610,52.0,324332.42,210247.1,Other,552.05,2023-09-10,1
10280,32.0,344103.91,174480.57,Car,765.21,2023-05-06,1
10294,45.0,1160507.53,353085.78,Business,743.46,2018-04-27,0
10401,18.0,1140025.41,511125.03,Home,845.49,2018-07-28,0
10123,51.0,583278.85,140209.81,Car,778.3,2021-10-30,0
10184,41.0,734927.11,119026.37,Education,642.19,2022-08-11,0
10203,48.0,704284.52,198060.64,Other,677.52,2019-03-14,1
10439,18.0,790694.28,360099.27,Car,748.56,2020-12-06,1
10247,31.0,736308.14,83766.56,Car,751.49,2024-06-03,0
10416,28.0,1088531.68,677857.13,Home,606.63,2022-05-19,1
10933,20.0,272227.19,25000.0,Business,646.16,2019-09-10,0
10766,28.0,1294908.63,353959.58,Business,695.64,2018-03-14,0
10907,21.0,302292.55,25000.0,Business,810.82,2024-04-23,0
10836,39.0,433832.33,246165.39,Business,765.99,2024-01-04,0
10888,32.0,276308.17,94779.66,Car,704.54,2020-01-03,0
10130,30.0,1130291.5,2371798.12694025,Other,690.65,2018-02-24,0
10638,37.0,644979.11,632311.21,Car,691.29,2021-10-25,0
10403,36.0,504799.41,359682.86,Car,392.25,2018-02-27,1
10785,42.0,1506860.58,541317.22,Car,558.56,2024-06-24,1
10771,44.0,583671.41,302582.45,Car,713.44,2021-03-23,0
10736,41.0,768819.39,689238.91,Home,783.74,2019-04-11,0
10914,53.0,674797.14,410703.58,Car,646.05,2020-12-10,1
10220,37.0,1035622.03,505009.73,Other,624.48,2018-04-25,1
10642,54.0,1008147.09,341257.22,Home,718.3,2018-02-16,1
10916,39.0,856538.39,126959.41,Other,655.37,2021-07-06,0
10753,25.0,1115935.22,916639.65,Car,580.32,2019-03-11,1
10807,38.0,610227.07,219881.46,Car,725.99,2023-06-23,0
10920,38.0,726240.67,316203.93,Home,690.99,2021-09-03,0
10625,54.0,985393.41,786681.65,Car,635.13,2020-10-24,1
10875,36.0,549560.3,419639.82,Other,674.94,2020-08-03,0
10761,30.0,432723.18,196910.16,Home,672.96,2023-01-17,1
10387,40.0,1014222.88,728139.89,Business,684.04,2025-11-10,1
10973,45.0,587391.86,228446.04,Other,651.87,2019-07-09,0
10510,27.0,582870.33,241325.03,Car,823.37,2019-08-08,0
10268,20.0,765163.61,412992.96,Education,686.77,2019-11-16,1
10820,48.0,322513.4,215557.93,Car,734.49,2019-10-21,0
10442,36.0,434345.14,239527.6,Car,607.63,2019-09-07,0
10497,25.0,1459780.62,898827.91,Car,746.18,2021-06-13,1
10113,37.0,378195.87,221323.08,Business,705.13,2025-11-16,1
10692,49.0,824429.43,620028.51,Education,625.74,2025-02-20,1
10233,37.0,535930.87,42310.06,Education,648.88,2018-01-05,0
10870,58.0,350770.02,25000.0,Home,628.5,2018-06-12,1
10608,22.0,751686.92,289258.66,Business,502.64,2021-11-20,1
10672,18.0,1095339.42,834357.15,Education,637.55,2022-12-05,0
10374,47.0,932104.07,210548.81,Business,774.79,2024-06-09,0
10982,41.0,598325.34,388651.66,Education,667.14,2020-02-17,0
10843,24.0,1320035.64,480609.9,Home,801.28,2023-03-09,0
10234,29.0,191882.1,25000.0,Business,792.65,2023-09-04,0
10786,48.0,621662.34,292881.09,Home,727.23,2018-03-21,0
10677,24.0,445463.19,25000.0,Car,715.86,2020-08-05,1
10318,33.0,815761.28,25000.0,Business,668.02,2018-09-09,0
10649,33.0,227181.23,131552.02,Car,729.9,2023-02-21,0
10411,44.0,557979.95,278776.69,Home,599.17,2020-09-19,1
10899,49.0,1099856.08,808911.2,Business,850.0,2024-11-28,0
10710,,,415661.29,Business,,2019-09-20,1
10359,40.0,796788.2,409762.51,Car,693.66,2019-06-13,0
10259,41.0,224025.16,25000.0,Car,685.93,2024-12-25,1
10745,42.0,1188055.57,189845.78,Other,628.71,2018-04-02,0
10628,35.0,417715.57,198460.25,Car,677.56,2020-09-22,0
10633,,917961.84,199040.08,Education,622.52,2022-03-04,1
10283,53.0,,551542.31,Education,627.7,2020-01-20,1
10377,46.0,397021.09,402964.16,Education,644.69,2025-05-26,0
10385,28.0,468223.66,293077.26,Car,679.86,2022-07-26,1
10225,31.0,450060.72,99415.64,Education,544.1,2024-04-08,1
10954,52.0,452370.15,225377.96,Business,720.54,2024-07-25,0
10815,47.0,514864.9,159482.61,Car,696.4,2025-04-15,0
10473,,744206.35,497184.99,Business,569.25,2020-05-06,1
10348,,400939.99,298044.21,Car,678.11,2025-04-29,1
10506,31.0,742982.74,345854.13,Other,690.41,2020-10-11,1
10640,22.0,742226.53,565030.02,Education,694.62,2018-06-30,1
10988,46.0,376014.12,63945.39,Education,696.89,2018-04-13,0
10929,,603757.87,269603.88,Other,850.0,2025-05-19,0
10906,37.0,440890.68,202245.9,Car,727.86,2024-05-13,0
10620,38.0,270218.44,376403.36,Home,686.97,2024-09-04,1
10856,30.0,256267.91,93407.29,Business,669.67,2018-07-30,0
10804,31.0,2422687.31,1291143.81,Business,622.84,2025-11-25,1
10646,33.0,338487.56,96636.43,Business,581.63,2022-04-13,0
10847,39.0,971676.28,79591.74,Education,698.91,2018-11-23,0
10557,31.0,650579.06,406771.55,Other,844.51,2023-06-28,0
10958,41.0,519501.3,164170.46,Business,775.19,2022-06-23,0
10578,44.0,802942.82,480093.42,Home,664.56,2025-07-28,0
10796,48.0,1058773.29,291128.04,Home,690.19,2020-11-10,1
10086,30.0,487319.59,306692.69,Education,675.72,2018-12-21,1
10243,42.0,687690.52,564782.45,Other,664.82,2018-01-27,1
10699,46.0,920412.72,567915.29,Education,720.16,2020-03-24,0
10160,43.0,659838.25,618454.53,Home,841.93,2020-11-06,0
10525,28.0,465159.07,250860.89,Home,815.57,2020-08-18,0
10036,23.0,1034422.18,605144.66,Business,659.73,2021-12-03,1
10541,45.0,729823.57,541740.98,Home,691.16,2022-12-31,0
10171,26.0,736449.99,428925.07,Business,,2018-04-14,1
10655,64.0,417158.0,93002.34,Other,613.57,2024-11-11,1
10891,45.0,664929.13,517249.03,Home,832.79,2020-08-05,0
10858,41.0,415681.52,25000.0,Other,591.93,2022-01-08,1
10848,63.0,874027.28,319435.89,Education,532.23,2024-07-02,0
10945,56.0,826149.33,146219.45,Car,689.83,2019-06-11,1
10734,18.0,1323430.19,560039.94,Business,571.8,2018-04-02,1
10096,20.0,282997.05,143191.47,Home,604.05,2024-08-15,1
10564,32.0,685925.95,214065.69,Home,699.27,2019-12-14,0
10241,27.0,788140.19,492200.75,Home,673.72,2019-11-15,1
10743,29.0,319629.84,185870.57,Business,655.94,2023-08-03,1
10575,45.0,323265.23,84420.61,Home,698.72,2019-09-28,1
10691,32.0,,138164.23,Business,722.84,2021-12-22,0
10461,58.0,302163.38,40175.49,Car,655.76,2018-12-20,1
10554,39.0,956034.97,364923.81,Education,821.3791716160143,2025-12-20,0
10889,42.0,725918.07,373583.14,Car,595.91,2025-03-22,0
10207,42.0,776937.17,664580.86,Car,775.84,2024-11-12,0
10393,21.0,,192323.55,Car,725.3,2019-03-08,1
10795,24.0,336329.33,25000.0,Car,825.19,2025-07-11,0
10398,51.0,1000418.7,735658.47,Home,754.87,2020-06-27,0
10767,36.0,1003679.68,384273.72,Car,503.41,2018-05-27,1
10849,29.0,963551.75,576656.33,Home,514.78,2023-08-20,0
10218,33.0,787371.1,247643.2,Home,780.86,2022-10-12,0
10005,33.0,808080.54,642859.72,Business,620.3,2023-07-19,1
10769,29.0,778012.69,455988.68,Other,772.28,2019-08-29,0
10643,33.0,1080200.66,294397.43,Education,620.33,2019-09-26,0
10930,35.0,864905.0,612909.31,Business,748.01,2023-08-24,0
10613,39.0,210455.82,238235.19,Home,,2024-05-02,0
10739,54.0,831340.14,539358.47,Business,727.89,2021-09-14,1
10547,42.0,365624.1,42339.09,Car,530.75,2020-02-06,1
10726,34.0,1347322.02,959184.09,Car,603.8,2021-08-18,1
10684,41.0,487748.55,25000.0,Other,,2025-08-22,1
10099,36.0,423465.21,107832.54,Education,380.9573244102962,2018-08-31,0
10805,31.0,204859.92,190909.31,Car,850.0,2022-12-29,0
10728,40.0,709001.92,256950.69,Car,600.85,2024-12-07,1
10574,34.0,966826.71,680235.39,Home,611.32,2021-09-21,1
10407,,877568.54,393248.38,Business,650.12,2020-11-03,1
10503,21.0,293826.67,53341.33,Business,789.04,2021-05-09,0
10048,48.0,857857.63,409164.31,Education,789.89,2023-09-06,0
10033,36.0,776987.76,269296.17,Car,665.48,2024-06-07,0
10780,43.0,570966.87,449735.95,Education,605.98,2024-04-18,1
10840,34.0,329636.58,165300.72,Car,594.83,2020-05-05,1
10201,40.0,445643.29,264367.64,Home,803.97,2023-07-13,0
10135,26.0,642933.86,463520.56,Business,,2024-06-01,0
10028,40.0,233769.86,25000.0,Home,767.42,2019-05-30,0
10881,64.0,661321.49,246824.99,Home,711.76,2021-03-18,1
10231,28.0,750777.33,607931.88,Other,558.12,2025-08-14,1
10490,,382800.63,46726.95,Home,603.22,2024-04-12,1
10773,43.0,631839.09,290471.79,Education,625.97,2025-11-22,1
10379,60.0,1004750.95,466513.26,Education,800.01,2025-12-15,0
10289,39.0,1035007.49,661113.42,Other,531.15,2019-07-14,1
10419,49.0,356485.83,218924.9,Education,791.41,2023-08-28,0
10675,21.0,500338.5,138300.87,Car,630.62,2022-02-08,1
10392,41.0,1769180.13,993614.07,Home,750.99,2020-10-14,0
10593,41.0,355872.88,340502.12,Business,709.69,2018-12-18,0
10499,26.0,367449.55,176348.68,Education,828.06,2025-10-12,0
10139,45.0,427342.92,182800.18,Car,513.61,2022-10-01,1
10063,24.0,852450.31,621182.39,Car,834.06,2022-04-20,1
10472,18.0,387381.45,288397.18,Car,739.45,2020-02-25,0
10648,35.0,913998.28,338478.05,Home,616.16,2019-08-12,1
10129,37.0,518973.44,366223.1,Home,612.03,2021-07-19,1
10977,31.0,617942.95,182793.7,Home,787.54,2022-02-06,0
10521,18.0,1409212.72,330877.9,Car,618.1,2018-10-06,1
10839,47.0,2274168.88,477674.44,Home,775.6,2019-10-27,1
10963,38.0,980054.92,669398.26,Car,752.86,2024-12-25,0
10065,45.0,1174280.89,406026.13,Home,573.78,2021-04-22,1
10813,52.0,1013730.4,807133.77,Education,645.57,2024-08-02,1
10015,18.0,743213.86,578866.14,Home,691.64,2019-05-23,0
10157,57.0,1898009.18,1636697.19,Education,781.4,2025-05-26,0
10041,44.0,1816782.17,438969.44,Education,659.3,2018-08-28,1
10493,37.0,1043945.38,623625.51,Education,673.37,2022-06-11,1
10380,27.0,474907.54,254111.32,Car,794.62,2025-01-02,0
10188,,700229.72,205033.95,Other,616.94,2018-12-28,1
10764,35.0,825466.61,272242.1,Business,733.22,2024-04-22,0
10217,,400761.64,201103.32,Car,651.7,2022-01-20,0
10792,,692754.64,414020.41,Business,664.3,2020-09-19,0
10053,29.0,1445591.52,935760.91,Education,830.18,2020-04-28,0
10879,36.0,978460.91,245384.14,Business,695.56,2022-02-04,1
10338,32.0,2035014.32,1555139.43,Home,670.82,2025-03-19,0
10749,29.0,504769.47,48510.16,Business,,2019-02-27,1
10720,35.0,1083018.68,573034.69,Car,776.63,2020-12-20,1
10725,38.0,488790.23,64761.8,Business,642.88,2023-02-03,1
10296,28.0,760643.03,353148.32,Car,643.28,2022-05-14,0
10702,48.0,1575312.16,319501.23,Business,759.81,2025-08-28,0
10252,46.0,559516.36,86067.54,Other,686.29,2020-05-04,0
10727,36.0,1024424.07,713792.94,Car,549.14,2025-01-31,1
10462,36.0,637764.77,260376.93,Business,700.16,2018-11-01,1
10456,27.0,697646.1,483606.31,Car,603.11,2025-01-25,1
10997,56.0,582087.48,352855.1,Business,593.1,2020-07-17,1
10816,20.0,506535.6,223755.5,Business,667.49,2025-10-16,0
10863,53.0,1204712.45,462276.31,Home,850.0,2020-12-10,1
10270,37.0,761867.58,243131.71,Car,749.43,2024-04-09,0
10202,42.0,295598.81,116564.18,Home,835.83,2021-01-28,0
10162,45.0,272264.81,58288.67,Car,651.47,2020-11-03,1
10556,31.0,853772.81,643273.96,Car,737.78,2023-05-25,1
10730,27.0,730143.05,99333.86,Car,695.89,2022-07-15,0
10402,29.0,1077474.91,436891.02,Car,685.97,2023-06-08,1
10703,28.0,736636.9,247308.96,Car,850.0,2020-11-23,1
10477,42.0,476232.11,232631.91,Home,595.71,2024-10-28,1
10822,52.0,850010.34,456801.4,Business,798.84,2019-11-10,1
10772,30.0,1164470.46,140100.38,Home,550.83,2025-02-07,1
10106,,513013.54,52769.16,Home,591.96,2022-04-23,1
10566,32.0,564543.77,335956.94,Car,647.31,2020-02-06,0
10390,30.0,,237550.11,Home,727.42,2018-05-10,1
10002,34.0,,500911.03,Car,542.47,2019-11-10,1
10938,44.0,625576.71,429033.19,Business,632.23,2018-07-13,1
10983,25.0,426497.24,142725.57,Business,624.9,2024-02-04,1
10562,59.0,,25000.0,Business,635.55,2020-02-03,1
10081,34.0,,424423.55,Car,636.35,2024-05-16,1
10206,26.0,1020380.88,710467.79,Education,733.6,2022-06-30,1
10035,45.0,174407.84,81705.53,Business,728.15,2024-03-28,0
10776,19.0,368918.53,37080.93,Home,771.1,2020-02-04,1
10509,37.0,585222.81,250918.27,Business,573.19,2022-07-18,0
10428,44.0,490373.1,101219.27,Other,644.02,2021-10-14,0
10455,30.0,1017050.28,482055.42,Education,538.98,2023-09-10,1
10367,,,219047.02,Business,547.39,2018-03-26,1
10092,47.0,381972.66,137490.01,Other,659.89,2018-08-21,1
10340,30.0,1219667.49,525108.43,Business,725.31,2023-03-07,1
10898,38.0,361001.6,25000.0,Home,747.93,2018-08-25,0
10565,49.0,1192891.91,965926.54,Business,580.73,2025-03-21,1
10346,39.0,1093171.85,67100.67,Car,645.12,2021-05-06,0
10777,28.0,607366.94,541004.97,Car,669.13,2023-12-22,1
10242,35.0,408541.76,207178.1,Business,849.05,2021-02-06,0
10014,18.0,889910.62,712415.41,Car,666.65,2025-01-14,1
10316,36.0,308923.16,301231.7,Business,584.83,2019-09-11,1
10601,44.0,971654.03,278738.27,Education,730.73,2023-01-21,1
10388,57.0,471312.78,25000.0,Car,580.53,2021-07-31,1
10274,36.0,935518.45,679134.65,Home,730.6,2019-09-05,0
10167,45.0,566786.59,360208.19,Car,638.06,2018-01-23,1
10841,35.0,368481.65,285171.66,Car,718.2,2024-07-05,1
10993,33.0,606851.78,326020.92,Business,521.4,2024-11-16,1
10647,18.0,898110.49,708572.73,Education,846.7512798035482,2021-12-21,0
10819,37.0,972653.94,587591.69,Car,567.71,2018-10-03,1
10485,28.0,930517.37,116217.23,Other,740.5,2018-04-06,0
10981,45.0,492753.51,428115.63,Education,766.79,2021-01-20,0
10505,29.0,621091.93,438218.11,Home,827.334901421772,2024-07-17,1
10832,26.0,1998536.04,795651.16,Business,628.67,2023-08-27,1
10244,46.0,498407.09,580892.56,Education,666.26,2022-11-17,1
10567,18.0,570902.4,244733.94,Car,745.82,2022-11-18,0
10876,56.0,1156061.04,1134184.76,Business,769.52,2019-11-20,0
10563,46.0,403198.43,121534.8,Business,729.14,2021-05-27,0
10687,33.0,1808588.1222632653,25000.0,Business,828.78,2018-04-30,0
10190,19.0,927298.73,391625.32,Home,653.59,2019-03-08,1
10783,40.0,552814.05,318872.71,Car,693.05,2020-03-14,1
10700,,500783.75,238073.83,Other,770.68,2018-11-06,0
10476,33.0,556241.44,39675.75,Business,650.86,2024-06-06,1
10682,24.0,637140.71,123772.8,Other,578.92,2021-11-21,1
10511,39.0,860539.03,193579.58,Other,631.91,2023-03-29,0
10059,40.0,659075.66,212082.95,Education,589.55,2019-08-20,0
10475,54.0,1468579.35,588884.02,Business,640.09,2021-11-30,1
10561,39.0,701504.43,594856.23,Car,637.68,2019-07-25,1
10857,27.0,591854.12,259601.6,Home,738.52,2018-02-20,0
10748,28.0,1205052.22,783302.45,Other,824.47,2020-03-30,0
10253,59.0,538960.93,257265.86,Other,598.97,2022-07-01,0
10022,34.0,135223.33,25000.0,Home,697.57,2018-04-16,0
10314,45.0,337028.73,180306.79,Car,535.1,2021-09-12,0
10460,23.0,1581196.92,1019210.04,Home,697.18,2019-01-27,1
10161,25.0,633283.68,127251.47,Other,686.85,2019-08-17,0
10277,38.0,1033473.04,734384.63,Business,524.57,2019-09-13,1
10956,48.0,873056.27,602801.2,Home,651.84,2020-10-02,1
10192,45.0,1998417.05,1528758.15,Home,723.54,2022-03-24,0
10386,38.0,551378.99,292378.83,Car,690.5,2024-02-27,0
10806,33.0,946475.44,319663.71,Home,711.43,2023-07-05,0
10414,50.0,1336190.47,942776.5212858346,Other,728.12,2019-12-30,0
10492,52.0,1194138.82,512271.65,Business,537.03,2021-04-08,1
10344,30.0,480070.21,379723.41,Other,624.94,2022-11-11,1
10770,56.0,302735.07,228589.25,Home,719.56,2019-07-29,0
10309,42.0,1041230.77,395469.89,Home,677.13,2022-07-15,0
10662,30.0,485784.71,542510.14,Other,799.21,2020-01-28,0
10131,19.0,349620.93,170246.84,Home,703.53,2022-09-21,1
10664,30.0,846085.9,381706.26,Other,517.85,2019-09-13,0
10872,27.0,656993.68,231653.58,Business,739.89,2019-10-10,0
10100,33.0,726873.27,497768.62,Business,670.96,2019-03-06,1
10373,52.0,483604.39,101945.42,Car,639.24,2021-11-29,1
10088,40.0,358926.41,339628.75,Car,715.64,2019-01-13,0
10459,30.0,922881.59,531270.9,Business,764.13,2021-06-12,0
10331,36.0,516660.33,211317.31,Business,666.34,2021-07-13,0
10215,33.0,,161360.53,Car,671.48,2024-09-27,0
10467,43.0,666494.91,371385.79,Car,513.81,2023-05-03,1
10122,26.0,972186.72,673849.04,Education,715.08,2024-06-25,1
10615,63.0,859055.49,451962.21,Education,304.2841714628596,2024-11-11,1
10021,52.0,852955.62,346200.48,Car,646.35,2018-04-06,0
10701,30.0,425173.7,205139.4,Education,546.51,2020-10-08,1
10072,53.0,,1166791.43,Car,734.38,2021-10-30,1
10107,57.0,287361.56,90130.18,Car,763.45,2019-02-24,0
10271,52.0,343971.3,54921.71,Education,682.58,2024-12-29,0
10861,38.0,207681.34,66826.15,Home,685.12,2025-05-11,0
10436,37.0,1679744.48,1208589.79,Education,636.58,2025-07-07,0
10103,32.0,1490690.06,1235509.91,Home,568.41,2022-02-05,0
